Metabolite_1,Metabolite_2,Control_Corr,Control_p,Case_Corr,Case_p,Diff_Corr,Diff_Corr_p,Sign
Glycine,Arginine,-0.8635874080236875,0.026643383160278512,0.9544892812818188,0.011574899681934028,3.4810615582681352,1.0,-1
Glycine,Taurine,0.03452369355413695,0.9482350338122344,0.44473429104479945,0.45301028954404177,0.43581744661388694,630.0,-1
Arginine,Taurine,0.40908713722203893,0.42060012792797347,0.6059124510103757,0.27875138351537426,0.17026786955232198,806.0,-1
